nombre_panel,Irradiancia,Temperatura,Voc,Isc,Ns,alpha_Isc,beta_Voc,Rs,Rsh,Vmpp,Impp,Pmax
panel_MageSolarPowertecPlus190_5MI,100,10,45.2,5.56,72,0.000267,-0.16213,0.5947,417.408,32.763781890945474,0.45681508952816663,14.966989957793581
panel_MageSolarPowertecPlus190_5MI,100,15,45.2,5.56,72,0.000267,-0.16213,0.5947,417.408,33.35167583791896,0.4554991489893203,15.191659961539763
panel_MageSolarPowertecPlus190_5MI,100,20,45.2,5.56,72,0.000267,-0.16213,0.5947,417.408,33.916958479239625,0.4544892659194098,15.41489356144872
panel_MageSolarPowertecPlus190_5MI,100,25,45.2,5.56,72,0.000267,-0.16213,0.5947,417.408,34.48224112056028,0.45347040602155964,15.63667588147379
panel_MageSolarPowertecPlus190_5MI,100,30,45.2,5.56,72,0.000267,-0.16213,0.5947,417.408,35.047523761880946,0.4524431252142081,15.857011181844634
panel_MageSolarPowertecPlus190_5MI,100,35,45.2,5.56,72,0.000267,-0.16213,0.5947,417.408,35.63541770885443,0.45112213203811813,16.07592561288732
panel_MageSolarPowertecPlus190_5MI,100,40,45.2,5.56,72,0.000267,-0.16213,0.5947,417.408,36.20070035017509,0.4500852218691353,16.293400248926638
panel_MageSolarPowertecPlus190_5MI,100,45,45.2,5.56,72,0.000267,-0.16213,0.5947,417.408,36.765982991495754,0.44904105116554943,16.509435649635964
panel_MageSolarPowertecPlus190_5MI,100,50,45.2,5.56,72,0.000267,-0.16213,0.5947,417.408,37.33126563281641,0.4479900386825522,16.724035134914057
panel_MageSolarPowertecPlus190_5MI,100,55,45.2,5.56,72,0.000267,-0.16213,0.5947,417.408,37.896548274137075,0.4469325719980781,16.93720179000941
panel_MageSolarPowertecPlus190_5MI,200,10,45.2,5.56,72,0.000267,-0.16213,0.5947,417.408,33.93956978489245,0.982704958215946,33.35258350732992
panel_MageSolarPowertecPlus190_5MI,200,15,45.2,5.56,72,0.000267,-0.16213,0.5947,417.408,34.550075037518766,0.9815070497185744,33.911142217630406
panel_MageSolarPowertecPlus190_5MI,200,20,45.2,5.56,72,0.000267,-0.16213,0.5947,417.408,35.16058029014508,0.9803092752559591,34.46824298181108
panel_MageSolarPowertecPlus190_5MI,200,25,45.2,5.56,72,0.000267,-0.16213,0.5947,417.408,35.77108554277139,0.9791116282005708,35.023885808284795
panel_MageSolarPowertecPlus190_5MI,200,30,45.2,5.56,72,0.000267,-0.16213,0.5947,417.408,36.358979489744875,0.9785229854441853,35.57809715800906
panel_MageSolarPowertecPlus190_5MI,200,35,45.2,5.56,72,0.000267,-0.16213,0.5947,417.408,36.96948474237119,0.9773167924543509,36.13089824710428
panel_MageSolarPowertecPlus190_5MI,200,40,45.2,5.56,72,0.000267,-0.16213,0.5947,417.408,37.579989994997504,0.976110983191214,36.682240982333
panel_MageSolarPowertecPlus190_5MI,200,45,45.2,5.56,72,0.000267,-0.16213,0.5947,417.408,38.190495247623815,0.9749055399490215,37.232125390305235
panel_MageSolarPowertecPlus190_5MI,200,50,45.2,5.56,72,0.000267,-0.16213,0.5947,417.408,38.7783891945973,0.9742701614256394,37.780627500446585
panel_MageSolarPowertecPlus190_5MI,200,55,45.2,5.56,72,0.000267,-0.16213,0.5947,417.408,39.38889444722362,0.973057806817704,38.32767124378946
panel_MageSolarPowertecPlus190_5MI,300,10,45.2,5.56,72,0.000267,-0.16213,0.5947,417.408,34.437018509254635,1.5096522841066604,51.9879236503196
panel_MageSolarPowertecPlus190_5MI,300,15,45.2,5.56,72,0.000267,-0.16213,0.5947,417.408,35.07013506753377,1.5081913114260674,52.89247299939307
panel_MageSolarPowertecPlus190_5MI,300,20,45.2,5.56,72,0.000267,-0.16213,0.5947,417.408,35.68064032016009,1.5077002578941805,53.79571061253486
panel_MageSolarPowertecPlus190_5MI,300,25,45.2,5.56,72,0.000267,-0.16213,0.5947,417.408,36.2911455727864,1.5071865568694842,54.69752674069716
panel_MageSolarPowertecPlus190_5MI,300,30,45.2,5.56,72,0.000267,-0.16213,0.5947,417.408,36.92426213106554,1.5057332538849362,55.598089365909644
panel_MageSolarPowertecPlus190_5MI,300,35,45.2,5.56,72,0.000267,-0.16213,0.5947,417.408,37.53476738369185,1.505197549570303,56.4972398896243
panel_MageSolarPowertecPlus190_5MI,300,40,45.2,5.56,72,0.000267,-0.16213,0.5947,417.408,38.16788394197099,1.503752728375496,57.395059614058155
panel_MageSolarPowertecPlus190_5MI,300,45,45.2,5.56,72,0.000267,-0.16213,0.5947,417.408,38.7783891945973,1.5031966709263773,58.29154554120607
panel_MageSolarPowertecPlus190_5MI,300,50,45.2,5.56,72,0.000267,-0.16213,0.5947,417.408,39.38889444722362,1.5026221417300696,59.1866249346668
panel_MageSolarPowertecPlus190_5MI,300,55,45.2,5.56,72,0.000267,-0.16213,0.5947,417.408,40.022011005502755,1.501185019451628,60.080443369788924
panel_MageSolarPowertecPlus190_5MI,400,10,45.2,5.56,72,0.000267,-0.16213,0.5947,417.408,34.68574287143572,2.036732334734487,70.64557406053936
panel_MageSolarPowertecPlus190_5MI,400,15,45.2,5.56,72,0.000267,-0.16213,0.5947,417.408,35.31885942971486,2.0358258509431275,71.90304705283997
panel_MageSolarPowertecPlus190_5MI,400,20,45.2,5.56,72,0.000267,-0.16213,0.5947,417.408,35.951975987994004,2.0349168448652817,73.15928154416113
panel_MageSolarPowertecPlus190_5MI,400,25,45.2,5.56,72,0.000267,-0.16213,0.5947,417.408,36.58509254627314,2.0340054417044935,74.41427732438207
panel_MageSolarPowertecPlus190_5MI,400,30,45.2,5.56,72,0.000267,-0.16213,0.5947,417.408,37.21820910455228,2.033091758518611,75.66803419728757
panel_MageSolarPowertecPlus190_5MI,400,35,45.2,5.56,72,0.000267,-0.16213,0.5947,417.408,37.8287143571786,2.0333910478645003,76.92056912611025
panel_MageSolarPowertecPlus190_5MI,400,40,45.2,5.56,72,0.000267,-0.16213,0.5947,417.408,38.46183091545773,2.0324545595678267,78.17192361344887
panel_MageSolarPowertecPlus190_5MI,400,45,45.2,5.56,72,0.000267,-0.16213,0.5947,417.408,39.09494747373687,2.0315166833967373,79.42203802941559
panel_MageSolarPowertecPlus190_5MI,400,50,45.2,5.56,72,0.000267,-0.16213,0.5947,417.408,39.728064032016015,2.030577482700528,80.67091225469647
panel_MageSolarPowertecPlus190_5MI,400,55,45.2,5.56,72,0.000267,-0.16213,0.5947,417.408,40.361180590295156,2.0296370170324924,81.91854617719639
panel_MageSolarPowertecPlus190_5MI,500,10,45.2,5.56,72,0.000267,-0.16213,0.5947,417.408,34.79879939969985,2.564096997226562,89.22749704785988
panel_MageSolarPowertecPlus190_5MI,500,15,45.2,5.56,72,0.000267,-0.16213,0.5947,417.408,35.45452726363182,2.562230268248342,90.84266290131352
panel_MageSolarPowertecPlus190_5MI,500,20,45.2,5.56,72,0.000267,-0.16213,0.5947,417.408,36.08764382191096,2.562005671329574,92.45674813665754
panel_MageSolarPowertecPlus190_5MI,500,25,45.2,5.56,72,0.000267,-0.16213,0.5947,417.408,36.7207603801901,2.5617583213524635,94.06971347034184
panel_MageSolarPowertecPlus190_5MI,500,30,45.2,5.56,72,0.000267,-0.16213,0.5947,417.408,37.35387693846924,2.5614894299844218,95.68156094682782
panel_MageSolarPowertecPlus190_5MI,500,35,45.2,5.56,72,0.000267,-0.16213,0.5947,417.408,37.986993496748376,2.5612001250869003,97.29229249554722
panel_MageSolarPowertecPlus190_5MI,500,40,45.2,5.56,72,0.000267,-0.16213,0.5947,417.408,38.64272136068035,2.559395296917817,98.90199931063094
panel_MageSolarPowertecPlus190_5MI,500,45,45.2,5.56,72,0.000267,-0.16213,0.5947,417.408,39.27583791895948,2.5590956820464537,100.51062722716559
panel_MageSolarPowertecPlus190_5MI,500,50,45.2,5.56,72,0.000267,-0.16213,0.5947,417.408,39.90895447723862,2.558777605917935,102.1181389919565
panel_MageSolarPowertecPlus190_5MI,500,55,45.2,5.56,72,0.000267,-0.16213,0.5947,417.408,40.542071035517765,2.5584419773051117,103.72453638415436
panel_MageSolarPowertecPlus190_5MI,600,10,45.2,5.56,72,0.000267,-0.16213,0.5947,417.408,34.84402201100551,3.090310968464988,107.67886340604578
panel_MageSolarPowertecPlus190_5MI,600,15,45.2,5.56,72,0.000267,-0.16213,0.5947,417.408,35.49974987493747,3.088903939960987,109.65531725632391
panel_MageSolarPowertecPlus190_5MI,600,20,45.2,5.56,72,0.000267,-0.16213,0.5947,417.408,36.13286643321661,3.089453157875438,111.63079830519247
panel_MageSolarPowertecPlus190_5MI,600,25,45.2,5.56,72,0.000267,-0.16213,0.5947,417.408,36.78859429714858,3.0880588110103275,113.60534276399395
panel_MageSolarPowertecPlus190_5MI,600,30,45.2,5.56,72,0.000267,-0.16213,0.5947,417.408,37.42171085542772,3.088553930697939,115.578972155973
panel_MageSolarPowertecPlus190_5MI,600,35,45.2,5.56,72,0.000267,-0.16213,0.5947,417.408,38.077438719359684,3.0871720140352807,117.55160318055061
panel_MageSolarPowertecPlus190_5MI,600,40,45.2,5.56,72,0.000267,-0.16213,0.5947,417.408,38.710555277638825,3.087617253852762,119.52337838145874
panel_MageSolarPowertecPlus190_5MI,600,45,45.2,5.56,72,0.000267,-0.16213,0.5947,417.408,39.36628314157079,3.0862474858513,121.49409237298326
panel_MageSolarPowertecPlus190_5MI,600,50,45.2,5.56,72,0.000267,-0.16213,0.5947,417.408,39.99939969984993,3.086646604791305,123.46401127723213
panel_MageSolarPowertecPlus190_5MI,600,55,45.2,5.56,72,0.000267,-0.16213,0.5947,417.408,40.63251625812907,3.0870061599339707,125.43282798246166
panel_MageSolarPowertecPlus190_5MI,700,10,45.2,5.56,72,0.000267,-0.16213,0.5947,417.408,34.84402201100551,3.6150944037672934,125.9644289767304
panel_MageSolarPowertecPlus190_5MI,700,15,45.2,5.56,72,0.000267,-0.16213,0.5947,417.408,35.49974987493747,3.614249464239563,128.30495196613126
panel_MageSolarPowertecPlus190_5MI,700,20,45.2,5.56,72,0.000267,-0.16213,0.5947,417.408,36.13286643321661,3.6156786692388083,130.64483442103625
panel_MageSolarPowertecPlus190_5MI,700,25,45.2,5.56,72,0.000267,-0.16213,0.5947,417.408,36.78859429714858,3.614813768292362,132.98391718145456
panel_MageSolarPowertecPlus190_5MI,700,30,45.2,5.56,72,0.000267,-0.16213,0.5947,417.408,37.44432216108054,3.613955758476426,135.32212369628348
panel_MageSolarPowertecPlus190_5MI,700,35,45.2,5.56,72,0.000267,-0.16213,0.5947,417.408,38.077438719359684,3.6152546700356707,137.65963815316218
panel_MageSolarPowertecPlus190_5MI,700,40,45.2,5.56,72,0.000267,-0.16213,0.5947,417.408,38.73316658329165,3.614380201212829,139.9963904289277
panel_MageSolarPowertecPlus190_5MI,700,45,45.2,5.56,72,0.000267,-0.16213,0.5947,417.408,39.38889444722362,3.6135125676903015,142.3322651124693
panel_MageSolarPowertecPlus190_5MI,700,50,45.2,5.56,72,0.000267,-0.16213,0.5947,417.408,40.022011005502755,3.614696155738043,144.66740932649645
panel_MageSolarPowertecPlus190_5MI,700,55,45.2,5.56,72,0.000267,-0.16213,0.5947,417.408,40.67773886943472,3.6138148757815793,147.00181783952175
panel_MageSolarPowertecPlus190_5MI,800,10,45.2,5.56,72,0.000267,-0.16213,0.5947,417.408,34.79879939969985,4.139792119665347,144.05979552869266
panel_MageSolarPowertecPlus190_5MI,800,15,45.2,5.56,72,0.000267,-0.16213,0.5947,417.408,35.45452726363182,4.139581955273337,146.76692129327682
panel_MageSolarPowertecPlus190_5MI,800,20,45.2,5.56,72,0.000267,-0.16213,0.5947,417.408,36.11025512756379,4.139362158228443,149.47342359901214
panel_MageSolarPowertecPlus190_5MI,800,25,45.2,5.56,72,0.000267,-0.16213,0.5947,417.408,36.743371685842924,4.141682797023872,152.17939041590967
panel_MageSolarPowertecPlus190_5MI,800,30,45.2,5.56,72,0.000267,-0.16213,0.5947,417.408,37.399099549774895,4.1414040716982985,154.88478315328774
panel_MageSolarPowertecPlus190_5MI,800,35,45.2,5.56,72,0.000267,-0.16213,0.5947,417.408,38.05482741370686,4.1411183490945636,157.5895440745283
panel_MageSolarPowertecPlus190_5MI,800,40,45.2,5.56,72,0.000267,-0.16213,0.5947,417.408,38.710555277638825,4.140825952024844,160.29367191093914
panel_MageSolarPowertecPlus190_5MI,800,45,45.2,5.56,72,0.000267,-0.16213,0.5947,417.408,39.36628314157079,4.140527183786596,162.99716547231387
panel_MageSolarPowertecPlus190_5MI,800,50,45.2,5.56,72,0.000267,-0.16213,0.5947,417.408,40.022011005502755,4.140222329612275,165.70002364097073
panel_MageSolarPowertecPlus190_5MI,800,55,45.2,5.56,72,0.000267,-0.16213,0.5947,417.408,40.67773886943472,4.139911657991957,168.40224536632536
panel_MageSolarPowertecPlus190_5MI,900,10,45.2,5.56,72,0.000267,-0.16213,0.5947,417.408,34.730965482741375,4.662903577743569,161.94714320796314
panel_MageSolarPowertecPlus190_5MI,900,15,45.2,5.56,72,0.000267,-0.16213,0.5947,417.408,35.38669334667334,4.663416339546676,165.0228839554041
panel_MageSolarPowertecPlus190_5MI,900,20,45.2,5.56,72,0.000267,-0.16213,0.5947,417.408,36.042421210605305,4.66389864445364,168.09819942696922
panel_MageSolarPowertecPlus190_5MI,900,25,45.2,5.56,72,0.000267,-0.16213,0.5947,417.408,36.69814907453728,4.664352028771245,171.17308608796753
panel_MageSolarPowertecPlus190_5MI,900,30,45.2,5.56,72,0.000267,-0.16213,0.5947,417.408,37.35387693846924,4.664777928118012,174.24754067220772
panel_MageSolarPowertecPlus190_5MI,900,35,45.2,5.56,72,0.000267,-0.16213,0.5947,417.408,38.009604802401206,4.665177685469214,177.32156015766557
panel_MageSolarPowertecPlus190_5MI,900,40,45.2,5.56,72,0.000267,-0.16213,0.5947,417.408,38.66533266633317,4.665552558449033,180.3951417446937
panel_MageSolarPowertecPlus190_5MI,900,45,45.2,5.56,72,0.000267,-0.16213,0.5947,417.408,39.321060530265136,4.665903725950169,183.46828283647622
panel_MageSolarPowertecPlus190_5MI,900,50,45.2,5.56,72,0.000267,-0.16213,0.5947,417.408,39.9767883941971,4.6662322941515715,186.54098102146625
panel_MageSolarPowertecPlus190_5MI,900,55,45.2,5.56,72,0.000267,-0.16213,0.5947,417.408,40.63251625812907,4.66653930199674,189.61323405758083
panel_MageSolarPowertecPlus190_5MI,1000,10,45.2,5.56,72,0.000267,-0.16213,0.5947,417.408,34.617908954477244,5.188453585602213,179.6134138409084
panel_MageSolarPowertecPlus190_5MI,1000,15,45.2,5.56,72,0.000267,-0.16213,0.5947,417.408,35.27363681840921,5.1896928689111315,183.0593414570594
panel_MageSolarPowertecPlus190_5MI,1000,20,45.2,5.56,72,0.000267,-0.16213,0.5947,417.408,35.951975987994004,5.18761675828309,186.50507312870894
panel_MageSolarPowertecPlus190_5MI,1000,25,45.2,5.56,72,0.000267,-0.16213,0.5947,417.408,36.60770385192597,5.188816995507788,189.9506759133894
panel_MageSolarPowertecPlus190_5MI,1000,30,45.2,5.56,72,0.000267,-0.16213,0.5947,417.408,37.263431715857934,5.18996744724057,193.3959975777745
panel_MageSolarPowertecPlus190_5MI,1000,35,45.2,5.56,72,0.000267,-0.16213,0.5947,417.408,37.9191595797899,5.191070616545119,196.8410350987327
panel_MageSolarPowertecPlus190_5MI,1000,40,45.2,5.56,72,0.000267,-0.16213,0.5947,417.408,38.57488744372186,5.19212884400254,200.2857857506997
panel_MageSolarPowertecPlus190_5MI,1000,45,45.2,5.56,72,0.000267,-0.16213,0.5947,417.408,39.230615307653835,5.193144320494361,203.73024707444165
panel_MageSolarPowertecPlus190_5MI,1000,50,45.2,5.56,72,0.000267,-0.16213,0.5947,417.408,39.90895447723862,5.191177582340731,207.1744698168979
panel_MageSolarPowertecPlus190_5MI,1000,55,45.2,5.56,72,0.000267,-0.16213,0.5947,417.408,40.56468234117059,5.192165552660946,210.61854630645968
panel_MageSolarPowertecPlus195_5MH,100,10,45.28,5.58,72,0.00279,-0.14942,0.55901,538.2583,33.25214607303651,0.47387293247266626,15.757291970639267
panel_MageSolarPowertecPlus195_5MH,100,15,45.28,5.58,72,0.00279,-0.14942,0.55901,538.2583,33.841080540270134,0.4742070547193949,16.047679131523328
panel_MageSolarPowertecPlus195_5MH,100,20,45.28,5.58,72,0.00279,-0.14942,0.55901,538.2583,34.43001500750375,0.4745399891202105,16.338418947069513
panel_MageSolarPowertecPlus195_5MH,100,25,45.28,5.58,72,0.00279,-0.14942,0.55901,538.2583,35.01894947473737,0.4748717975499276,16.629511485378625
panel_MageSolarPowertecPlus195_5MH,100,30,45.28,5.58,72,0.00279,-0.14942,0.55901,538.2583,35.60788394197098,0.47520253766264414,16.920956810021526
panel_MageSolarPowertecPlus195_5MH,100,35,45.28,5.58,72,0.00279,-0.14942,0.55901,538.2583,36.1968184092046,0.4755322632453329,17.212754980409393
panel_MageSolarPowertecPlus195_5MH,100,40,45.28,5.58,72,0.00279,-0.14942,0.55901,538.2583,36.78575287643822,0.47586102453649726,17.50490605212829
panel_MageSolarPowertecPlus195_5MH,100,45,45.28,5.58,72,0.00279,-0.14942,0.55901,538.2583,37.37468734367184,0.47618886851384684,17.797410077241885
panel_MageSolarPowertecPlus195_5MH,100,50,45.28,5.58,72,0.00279,-0.14942,0.55901,538.2583,37.96362181090545,0.476515839154455,18.09026710456598
panel_MageSolarPowertecPlus195_5MH,100,55,45.28,5.58,72,0.00279,-0.14942,0.55901,538.2583,38.552556278139065,0.4768419776704134,18.383477179917744
panel_MageSolarPowertecPlus195_5MH,200,10,45.28,5.58,72,0.00279,-0.14942,0.55901,538.2583,34.316758379189594,1.0028145367316583,34.41334415615927
panel_MageSolarPowertecPlus195_5MH,200,15,45.28,5.58,72,0.00279,-0.14942,0.55901,538.2583,34.92834417208604,1.0045569381687105,35.08751047681368
panel_MageSolarPowertecPlus195_5MH,200,20,45.28,5.58,72,0.00279,-0.14942,0.55901,538.2583,35.56258129064532,1.0056558907689406,35.76371936588678
panel_MageSolarPowertecPlus195_5MH,200,25,45.28,5.58,72,0.00279,-0.14942,0.55901,538.2583,36.17416708354177,1.0074030442513071,36.4419660432154
panel_MageSolarPowertecPlus195_5MH,200,30,45.28,5.58,72,0.00279,-0.14942,0.55901,538.2583,36.78575287643822,1.0091469279174365,37.12222950638763
panel_MageSolarPowertecPlus195_5MH,200,35,45.28,5.58,72,0.00279,-0.14942,0.55901,538.2583,37.397338669334665,1.0108877072684328,37.80450994538482
panel_MageSolarPowertecPlus195_5MH,200,40,45.28,5.58,72,0.00279,-0.14942,0.55901,538.2583,38.008924462231114,1.0126255368394208,38.48880753825578
panel_MageSolarPowertecPlus195_5MH,200,45,45.28,5.58,72,0.00279,-0.14942,0.55901,538.2583,38.62051025512756,1.0143605610916342,39.175122452036405
panel_MageSolarPowertecPlus195_5MH,200,50,45.28,5.58,72,0.00279,-0.14942,0.55901,538.2583,39.25474737368684,1.015506929037816,39.863467955607994
panel_MageSolarPowertecPlus195_5MH,200,55,45.28,5.58,72,0.00279,-0.14942,0.55901,538.2583,39.86633316658329,1.0172458348094162,40.553861362831334
panel_MageSolarPowertecPlus195_5MH,300,10,45.28,5.58,72,0.00279,-0.14942,0.55901,538.2583,34.769784892446225,1.5328017137694707,53.29518587053742
panel_MageSolarPowertecPlus195_5MH,300,15,45.28,5.58,72,0.00279,-0.14942,0.55901,538.2583,35.4040220110055,1.5355239960156033,54.36372535336354
panel_MageSolarPowertecPlus195_5MH,300,20,45.28,5.58,72,0.00279,-0.14942,0.55901,538.2583,36.03825912956478,1.5382546536989017,55.436019817259954
panel_MageSolarPowertecPlus195_5MH,300,25,45.28,5.58,72,0.00279,-0.14942,0.55901,538.2583,36.67249624812406,1.540993318976435,56.512071708547566
panel_MageSolarPowertecPlus195_5MH,300,30,45.28,5.58,72,0.00279,-0.14942,0.55901,538.2583,37.28408204102051,1.544677676970327,57.59188923509465
panel_MageSolarPowertecPlus195_5MH,300,35,45.28,5.58,72,0.00279,-0.14942,0.55901,538.2583,37.91831915957979,1.5474200947082886,58.67556902509607
panel_MageSolarPowertecPlus195_5MH,300,40,45.28,5.58,72,0.00279,-0.14942,0.55901,538.2583,38.552556278139065,1.550169808444041,59.76300878071094
panel_MageSolarPowertecPlus195_5MH,300,45,45.28,5.58,72,0.00279,-0.14942,0.55901,538.2583,39.18679339669835,1.5529265172787283,60.854210592855836
panel_MageSolarPowertecPlus195_5MH,300,50,45.28,5.58,72,0.00279,-0.14942,0.55901,538.2583,39.821030515257625,1.5556899365939,61.9491764373849
panel_MageSolarPowertecPlus195_5MH,300,55,45.28,5.58,72,0.00279,-0.14942,0.55901,538.2583,40.432616308154074,1.5593350407737658,63.047995399465464
panel_MageSolarPowertecPlus195_5MH,400,10,45.28,5.58,72,0.00279,-0.14942,0.55901,538.2583,35.01894947473737,2.0616478460161485,72.19674175434064
panel_MageSolarPowertecPlus195_5MH,400,15,45.28,5.58,72,0.00279,-0.14942,0.55901,538.2583,35.653186593296645,2.066159606803738,73.66517399290609
panel_MageSolarPowertecPlus195_5MH,400,20,45.28,5.58,72,0.00279,-0.14942,0.55901,538.2583,36.28742371185593,2.0706674579084248,75.13918741147461
panel_MageSolarPowertecPlus195_5MH,400,25,45.28,5.58,72,0.00279,-0.14942,0.55901,538.2583,36.921660830415206,2.0751715957312467,76.6187818225006
panel_MageSolarPowertecPlus195_5MH,400,30,45.28,5.58,72,0.00279,-0.14942,0.55901,538.2583,37.55589794897448,2.079672203750626,78.10395705137738
panel_MageSolarPowertecPlus195_5MH,400,35,45.28,5.58,72,0.00279,-0.14942,0.55901,538.2583,38.19013506753377,2.0841694535668154,79.59471293534473
panel_MageSolarPowertecPlus195_5MH,400,40,45.28,5.58,72,0.00279,-0.14942,0.55901,538.2583,38.84702351175588,2.0874468844807232,81.09109820096421
panel_MageSolarPowertecPlus195_5MH,400,45,45.28,5.58,72,0.00279,-0.14942,0.55901,538.2583,39.481260630315155,2.091956973295814,82.59309849009728
panel_MageSolarPowertecPlus195_5MH,400,50,45.28,5.58,72,0.00279,-0.14942,0.55901,538.2583,40.11549774887443,2.096463548390392,84.10067875605208
panel_MageSolarPowertecPlus195_5MH,400,55,45.28,5.58,72,0.00279,-0.14942,0.55901,538.2583,40.749734867433716,2.100966770976421,85.6138388825775
panel_MageSolarPowertecPlus195_5MH,500,10,45.28,5.58,72,0.00279,-0.14942,0.55901,538.2583,35.13220610305152,2.590983955965699,91.02698235068671
panel_MageSolarPowertecPlus195_5MH,500,15,45.28,5.58,72,0.00279,-0.14942,0.55901,538.2583,35.76644322161081,2.5973751388946114,92.8988704304976
panel_MageSolarPowertecPlus195_5MH,500,20,45.28,5.58,72,0.00279,-0.14942,0.55901,538.2583,36.42333166583291,2.602127682322941,94.77815961009358
panel_MageSolarPowertecPlus195_5MH,500,25,45.28,5.58,72,0.00279,-0.14942,0.55901,538.2583,37.057568784392195,2.608507621233426,96.66495059846895
panel_MageSolarPowertecPlus195_5MH,500,30,45.28,5.58,72,0.00279,-0.14942,0.55901,538.2583,37.69180590295147,2.6148663821192994,98.55903613699357
panel_MageSolarPowertecPlus195_5MH,500,35,45.28,5.58,72,0.00279,-0.14942,0.55901,538.2583,38.348694347173584,2.6196643958253953,100.46070920768125
panel_MageSolarPowertecPlus195_5MH,500,40,45.28,5.58,72,0.00279,-0.14942,0.55901,538.2583,38.98293146573287,2.62601316598508,102.36969127770855
panel_MageSolarPowertecPlus195_5MH,500,45,45.28,5.58,72,0.00279,-0.14942,0.55901,538.2583,39.63981990995497,2.6308433478481286,104.28615652000285
panel_MageSolarPowertecPlus195_5MH,500,50,45.28,5.58,72,0.00279,-0.14942,0.55901,538.2583,40.27405702851426,2.6371823213595462,106.21003120502398
panel_MageSolarPowertecPlus195_5MH,500,55,45.28,5.58,72,0.00279,-0.14942,0.55901,538.2583,40.93094547273637,2.6420426012591105,108.14130164878321
panel_MageSolarPowertecPlus195_5MH,600,10,45.28,5.58,72,0.00279,-0.14942,0.55901,538.2583,35.177508754377186,3.119445981187081,109.73433831201528
panel_MageSolarPowertecPlus195_5MH,600,15,45.28,5.58,72,0.00279,-0.14942,0.55901,538.2583,35.81174587293647,3.127804215123816,112.01212969231361
panel_MageSolarPowertecPlus195_5MH,600,20,45.28,5.58,72,0.00279,-0.14942,0.55901,538.2583,36.468634317158575,3.1341785952498555,114.29921307483274
panel_MageSolarPowertecPlus195_5MH,600,25,45.28,5.58,72,0.00279,-0.14942,0.55901,538.2583,37.12552276138069,3.140574093410105,116.59545498869937
panel_MageSolarPowertecPlus195_5MH,600,30,45.28,5.58,72,0.00279,-0.14942,0.55901,538.2583,37.75975987993997,3.148884722155186,118.90113099819132
panel_MageSolarPowertecPlus195_5MH,600,35,45.28,5.58,72,0.00279,-0.14942,0.55901,538.2583,38.41664832416208,3.1552991870042697,121.21601922465756
panel_MageSolarPowertecPlus195_5MH,600,40,45.28,5.58,72,0.00279,-0.14942,0.55901,538.2583,39.05088544272136,3.1635668659723812,123.5400872734765
panel_MageSolarPowertecPlus195_5MH,600,45,45.28,5.58,72,0.00279,-0.14942,0.55901,538.2583,39.70777388694347,3.169999430694058,125.87362061573918
panel_MageSolarPowertecPlus195_5MH,600,50,45.28,5.58,72,0.00279,-0.14942,0.55901,538.2583,40.36466233116558,3.1764500524084758,128.21633377728133
panel_MageSolarPowertecPlus195_5MH,600,55,45.28,5.58,72,0.00279,-0.14942,0.55901,538.2583,40.99889944972486,3.184677073242959,130.56825510573213
panel_MageSolarPowertecPlus195_5MH,700,10,45.28,5.58,72,0.00279,-0.14942,0.55901,538.2583,35.15485742871436,3.649160179325803,128.2857058387403
panel_MageSolarPowertecPlus195_5MH,700,15,45.28,5.58,72,0.00279,-0.14942,0.55901,538.2583,35.81174587293647,3.6572098530328856,130.97106986081303
panel_MageSolarPowertecPlus195_5MH,700,20,45.28,5.58,72,0.00279,-0.14942,0.55901,538.2583,36.468634317158575,3.665274038983006,133.66753859984607
panel_MageSolarPowertecPlus195_5MH,700,25,45.28,5.58,72,0.00279,-0.14942,0.55901,538.2583,37.12552276138069,3.6733520953042103,136.37511682478188
panel_MageSolarPowertecPlus195_5MH,700,30,45.28,5.58,72,0.00279,-0.14942,0.55901,538.2583,37.7824112056028,3.6814434175104584,139.0938090305398
panel_MageSolarPowertecPlus195_5MH,700,35,45.28,5.58,72,0.00279,-0.14942,0.55901,538.2583,38.41664832416208,3.691725557010774,141.82372243300426
panel_MageSolarPowertecPlus195_5MH,700,40,45.28,5.58,72,0.00279,-0.14942,0.55901,538.2583,39.07353676838419,3.699814070016845,144.56482110098835
panel_MageSolarPowertecPlus195_5MH,700,45,45.28,5.58,72,0.00279,-0.14942,0.55901,538.2583,39.7304252126063,3.70791493796845,147.31703713766123
panel_MageSolarPowertecPlus195_5MH,700,50,45.28,5.58,72,0.00279,-0.14942,0.55901,538.2583,40.38731365682841,3.7160276548557287,150.08037445410682
panel_MageSolarPowertecPlus195_5MH,700,55,45.28,5.58,72,0.00279,-0.14942,0.55901,538.2583,41.04420210105052,3.724151741980351,152.8548367528209
panel_MageSolarPowertecPlus195_5MH,800,10,45.28,5.58,72,0.00279,-0.14942,0.55901,538.2583,35.109554777388695,4.177150904297179,146.6579084878405
panel_MageSolarPowertecPlus195_5MH,800,15,45.28,5.58,72,0.00279,-0.14942,0.55901,538.2583,35.76644322161081,4.186939786505688,149.75194414635897
panel_MageSolarPowertecPlus195_5MH,800,20,45.28,5.58,72,0.00279,-0.14942,0.55901,538.2583,36.42333166583291,4.196733073429095,152.85900064647822
panel_MageSolarPowertecPlus195_5MH,800,25,45.28,5.58,72,0.00279,-0.14942,0.55901,538.2583,37.08022011005502,4.206530560775474,155.97907909322777
panel_MageSolarPowertecPlus195_5MH,800,30,45.28,5.58,72,0.00279,-0.14942,0.55901,538.2583,37.737108554277135,4.216332056707424,159.11218052484665
panel_MageSolarPowertecPlus195_5MH,800,35,45.28,5.58,72,0.00279,-0.14942,0.55901,538.2583,38.39399699849925,4.226137380906224,162.25830591775906
panel_MageSolarPowertecPlus195_5MH,800,40,45.28,5.58,72,0.00279,-0.14942,0.55901,538.2583,39.05088544272136,4.2359463637192345,165.41745619111194
panel_MageSolarPowertecPlus195_5MH,800,45,45.28,5.58,72,0.00279,-0.14942,0.55901,538.2583,39.70777388694347,4.245758845381976,168.5896322109177
panel_MageSolarPowertecPlus195_5MH,800,50,45.28,5.58,72,0.00279,-0.14942,0.55901,538.2583,40.36466233116558,4.255574675307388,171.77483479384233
panel_MageSolarPowertecPlus195_5MH,800,55,45.28,5.58,72,0.00279,-0.14942,0.55901,538.2583,41.021550775387695,4.2653937114356255,174.97306471067589
panel_MageSolarPowertecPlus195_5MH,900,10,45.28,5.58,72,0.00279,-0.14942,0.55901,538.2583,35.0416008004002,4.703956521827533,164.8341666203194
panel_MageSolarPowertecPlus195_5MH,900,15,45.28,5.58,72,0.00279,-0.14942,0.55901,538.2583,35.69848924462231,4.715538540804411,168.33760188150822
panel_MageSolarPowertecPlus195_5MH,900,20,45.28,5.58,72,0.00279,-0.14942,0.55901,538.2583,36.37802901450725,4.724168941419798,171.8559548204034
panel_MageSolarPowertecPlus195_5MH,900,25,45.28,5.58,72,0.00279,-0.14942,0.55901,538.2583,37.03491745872936,4.735782577635935,175.38931686523543
panel_MageSolarPowertecPlus195_5MH,900,30,45.28,5.58,72,0.00279,-0.14942,0.55901,538.2583,37.69180590295147,4.747386985346035,178.93758879786066
panel_MageSolarPowertecPlus195_5MH,900,35,45.28,5.58,72,0.00279,-0.14942,0.55901,538.2583,38.348694347173584,4.758982595792709,182.50076896957333
panel_MageSolarPowertecPlus195_5MH,900,40,45.28,5.58,72,0.00279,-0.14942,0.55901,538.2583,39.005582791395696,4.770569813832651,186.07885583558263
panel_MageSolarPowertecPlus195_5MH,900,45,45.28,5.58,72,0.00279,-0.14942,0.55901,538.2583,39.66247123561781,4.782149019919143,189.6718479469809
panel_MageSolarPowertecPlus195_5MH,900,50,45.28,5.58,72,0.00279,-0.14942,0.55901,538.2583,40.31935967983992,4.793720571908916,193.27974394344352
panel_MageSolarPowertecPlus195_5MH,900,55,45.28,5.58,72,0.00279,-0.14942,0.55901,538.2583,40.97624812406203,4.805284806711174,196.9025425465825
panel_MageSolarPowertecPlus195_5MH,1000,10,45.28,5.58,72,0.00279,-0.14942,0.55901,538.2583,34.95099549774887,5.230223071207149,182.80150301398334
panel_MageSolarPowertecPlus195_5MH,1000,15,45.28,5.58,72,0.00279,-0.14942,0.55901,538.2583,35.63053526763382,5.24030451352558,186.71485478231386
panel_MageSolarPowertecPlus195_5MH,1000,20,45.28,5.58,72,0.00279,-0.14942,0.55901,538.2583,36.28742371185593,5.253753497473212,190.64517924045543
panel_MageSolarPowertecPlus195_5MH,1000,25,45.28,5.58,72,0.00279,-0.14942,0.55901,538.2583,36.944312156078034,5.267178147588988,194.5922736662004
panel_MageSolarPowertecPlus195_5MH,1000,30,45.28,5.58,72,0.00279,-0.14942,0.55901,538.2583,37.601200600300146,5.280579647503095,198.5561346116261
panel_MageSolarPowertecPlus195_5MH,1000,35,45.28,5.58,72,0.00279,-0.14942,0.55901,538.2583,38.25808904452226,5.293959105846675,202.5367588695415
panel_MageSolarPowertecPlus195_5MH,1000,40,45.28,5.58,72,0.00279,-0.14942,0.55901,538.2583,38.937628814407205,5.304231394749289,206.53419319447323
panel_MageSolarPowertecPlus195_5MH,1000,45,45.28,5.58,72,0.00279,-0.14942,0.55901,538.2583,39.59451725862931,5.317620670095115,210.548623396925
panel_MageSolarPowertecPlus195_5MH,1000,50,45.28,5.58,72,0.00279,-0.14942,0.55901,538.2583,40.25140570285142,5.3309891947156824,214.57980887401814
panel_MageSolarPowertecPlus195_5MH,1000,55,45.28,5.58,72,0.00279,-0.14942,0.55901,538.2583,40.90829414707353,5.344337907227227,218.62774713020679
panel_MageSolar190_5MR,100,10,45.2,5.6,72,0.003886,-0.17194,0.5871,343.2651,32.3567783891946,0.44026981256212394,14.24571275652489
panel_MageSolar190_5MR,100,15,45.2,5.6,72,0.003886,-0.17194,0.5871,343.2651,32.92206103051526,0.4406758647785669,14.507957714915069
panel_MageSolar190_5MR,100,20,45.2,5.6,72,0.003886,-0.17194,0.5871,343.2651,33.48734367183592,0.44107759669275187,14.770517066397622
panel_MageSolar190_5MR,100,25,45.2,5.6,72,0.003886,-0.17194,0.5871,343.2651,34.05262631315658,0.4414752555341538,15.03339190320985
panel_MageSolar190_5MR,100,30,45.2,5.6,72,0.003886,-0.17194,0.5871,343.2651,34.617908954477244,0.4418690701270583,15.296583239458025
panel_MageSolar190_5MR,100,35,45.2,5.6,72,0.003886,-0.17194,0.5871,343.2651,35.1831915957979,0.4422592525636259,15.560092017960425
panel_MageSolar190_5MR,100,40,45.2,5.6,72,0.003886,-0.17194,0.5871,343.2651,35.77108554277139,0.4423662813747162,15.82392209229265
panel_MageSolar190_5MR,100,45,45.2,5.6,72,0.003886,-0.17194,0.5871,343.2651,36.33636818409205,0.4427540939857005,16.088075774078508
panel_MageSolar190_5MR,100,50,45.2,5.6,72,0.003886,-0.17194,0.5871,343.2651,36.90165082541271,0.4431386580754348,16.352548027541648
panel_MageSolar190_5MR,100,55,45.2,5.6,72,0.003886,-0.17194,0.5871,343.2651,37.46693346673337,0.4435201415371288,16.617339634127774
panel_MageSolar190_5MR,200,10,45.2,5.6,72,0.003886,-0.17194,0.5871,343.2651,33.66823411705853,0.96259429102728,32.40884995005044
panel_MageSolar190_5MR,200,15,45.2,5.6,72,0.003886,-0.17194,0.5871,343.2651,34.27873936968485,0.9645150667404104,33.06236059092872
panel_MageSolar190_5MR,200,20,45.2,5.6,72,0.003886,-0.17194,0.5871,343.2651,34.86663331665834,0.9670689392753412,33.71843809764305
panel_MageSolar190_5MR,200,25,45.2,5.6,72,0.003886,-0.17194,0.5871,343.2651,35.47713856928465,0.9689931813958175,34.377105369071394
panel_MageSolar190_5MR,200,30,45.2,5.6,72,0.003886,-0.17194,0.5871,343.2651,36.08764382191096,0.9709226311997207,35.03831009336813
panel_MageSolar190_5MR,200,35,45.2,5.6,72,0.003886,-0.17194,0.5871,343.2651,36.675537768884446,0.9734574237998239,35.70207451297139
panel_MageSolar190_5MR,200,40,45.2,5.6,72,0.003886,-0.17194,0.5871,343.2651,37.28604302151076,0.9753900320939303,36.36843469940704
panel_MageSolar190_5MR,200,45,45.2,5.6,72,0.003886,-0.17194,0.5871,343.2651,37.896548274137075,0.9773273727673911,37.037333961715
panel_MageSolar190_5MR,200,50,45.2,5.6,72,0.003886,-0.17194,0.5871,343.2651,38.48444222111056,0.9798448898711484,37.70878404989665
panel_MageSolar190_5MR,200,55,45.2,5.6,72,0.003886,-0.17194,0.5871,343.2651,39.09494747373687,0.981785120225658,38.38283770571854
panel_MageSolar190_5MR,300,10,45.2,5.6,72,0.003886,-0.17194,0.5871,343.2651,34.210905452726365,1.4869815455638693,50.87098506523446
panel_MageSolar190_5MR,300,15,45.2,5.6,72,0.003886,-0.17194,0.5871,343.2651,34.84402201100551,1.490322610122856,51.92883383061997
panel_MageSolar190_5MR,300,20,45.2,5.6,72,0.003886,-0.17194,0.5871,343.2651,35.45452726363182,1.4946388835807465,52.9917150471978
panel_MageSolar190_5MR,300,25,45.2,5.6,72,0.003886,-0.17194,0.5871,343.2651,36.065032516258135,1.4989453179134709,54.05951163064221
panel_MageSolar190_5MR,300,30,45.2,5.6,72,0.003886,-0.17194,0.5871,343.2651,36.69814907453728,1.5023181624483395,55.13229588291407
panel_MageSolar190_5MR,300,35,45.2,5.6,72,0.003886,-0.17194,0.5871,343.2651,37.30865432716359,1.5066228019213186,56.21006931830513
panel_MageSolar190_5MR,300,40,45.2,5.6,72,0.003886,-0.17194,0.5871,343.2651,37.9191595797899,1.510918457879978,57.29275811640095
panel_MageSolar190_5MR,300,45,45.2,5.6,72,0.003886,-0.17194,0.5871,343.2651,38.55227613806904,1.5143200628226732,58.38048522335775
panel_MageSolar190_5MR,300,50,45.2,5.6,72,0.003886,-0.17194,0.5871,343.2651,39.16278139069535,1.5186140094286695,59.47314846810235
panel_MageSolar190_5MR,300,55,45.2,5.6,72,0.003886,-0.17194,0.5871,343.2651,39.79589794897449,1.5220354424141669,60.57076714103643
panel_MageSolar190_5MR,400,10,45.2,5.6,72,0.003886,-0.17194,0.5871,343.2651,34.50485242621311,2.0108025763272206,69.38244615441988
panel_MageSolar190_5MR,400,15,45.2,5.6,72,0.003886,-0.17194,0.5871,343.2651,35.11535767883942,2.017665861790335,70.8510584131514
panel_MageSolar190_5MR,400,20,45.2,5.6,72,0.003886,-0.17194,0.5871,343.2651,35.748474237118565,2.0232241154399926,72.32717516672358
panel_MageSolar190_5MR,400,25,45.2,5.6,72,0.003886,-0.17194,0.5871,343.2651,36.381590795397706,2.028792909980525,73.8107134595156
panel_MageSolar190_5MR,400,30,45.2,5.6,72,0.003886,-0.17194,0.5871,343.2651,37.01470735367684,2.034371788407659,75.30167639648568
panel_MageSolar190_5MR,400,35,45.2,5.6,72,0.003886,-0.17194,0.5871,343.2651,37.64782391195598,2.039960319738071,76.80006690487632
panel_MageSolar190_5MR,400,40,45.2,5.6,72,0.003886,-0.17194,0.5871,343.2651,38.28094047023512,2.045558097185418,78.30588774676242
panel_MageSolar190_5MR,400,45,45.2,5.6,72,0.003886,-0.17194,0.5871,343.2651,38.891445722861434,2.052359486517946,79.81922757371245
panel_MageSolar190_5MR,400,50,45.2,5.6,72,0.003886,-0.17194,0.5871,343.2651,39.524562281140575,2.057960803859066,81.33999996427377
panel_MageSolar190_5MR,400,55,45.2,5.6,72,0.003886,-0.17194,0.5871,343.2651,40.15767883941972,2.0635706041625146,82.86820558442557
panel_MageSolar190_5MR,500,10,45.2,5.6,72,0.003886,-0.17194,0.5871,343.2651,34.64052026013007,2.5357034485305636,87.83808668250467
panel_MageSolar190_5MR,500,15,45.2,5.6,72,0.003886,-0.17194,0.5871,343.2651,35.27363681840921,2.5435784538659743,89.7212626007992
panel_MageSolar190_5MR,500,20,45.2,5.6,72,0.003886,-0.17194,0.5871,343.2651,35.90675337668835,2.5514528728090027,91.61438905619585
panel_MageSolar190_5MR,500,25,45.2,5.6,72,0.003886,-0.17194,0.5871,343.2651,36.53986993496749,2.5593267338008676,93.51746597416887
panel_MageSolar190_5MR,500,30,45.2,5.6,72,0.003886,-0.17194,0.5871,343.2651,37.195597798899456,2.565640454103643,95.43053042742486
panel_MageSolar190_5MR,500,35,45.2,5.6,72,0.003886,-0.17194,0.5871,343.2651,37.8287143571786,2.5735368759122665,97.35359136655092
panel_MageSolar190_5MR,500,40,45.2,5.6,72,0.003886,-0.17194,0.5871,343.2651,38.46183091545773,2.5814320812020006,99.2866042269295
panel_MageSolar190_5MR,500,45,45.2,5.6,72,0.003886,-0.17194,0.5871,343.2651,39.09494747373687,2.589326125639786,101.22956887426203
panel_MageSolar190_5MR,500,50,45.2,5.6,72,0.003886,-0.17194,0.5871,343.2651,39.728064032016015,2.5972190615483584,103.18248518236572
panel_MageSolar190_5MR,500,55,45.2,5.6,72,0.003886,-0.17194,0.5871,343.2651,40.361180590295156,2.6051109381535866,105.14535303257014
panel_MageSolar190_5MR,600,10,45.2,5.6,72,0.003886,-0.17194,0.5871,343.2651,34.70835417708855,3.059186377993752,106.17932430113183
panel_MageSolar190_5MR,600,15,45.2,5.6,72,0.003886,-0.17194,0.5871,343.2651,35.341470735367686,3.069465409792521,108.47942195340576
panel_MageSolar190_5MR,600,20,45.2,5.6,72,0.003886,-0.17194,0.5871,343.2651,35.99719859929966,3.077795258620981,110.79200717256231
panel_MageSolar190_5MR,600,25,45.2,5.6,72,0.003886,-0.17194,0.5871,343.2651,36.63031515757879,3.0880760565020866,113.11719918024453
panel_MageSolar190_5MR,600,30,45.2,5.6,72,0.003886,-0.17194,0.5871,343.2651,37.263431715857934,3.098340362685044,115.45479453740064
panel_MageSolar190_5MR,600,35,45.2,5.6,72,0.003886,-0.17194,0.5871,343.2651,37.9191595797899,3.1067390547746245,117.80493399076462
panel_MageSolar190_5MR,600,40,45.2,5.6,72,0.003886,-0.17194,0.5871,343.2651,38.55227613806904,3.117004567640546,120.16762081530082
panel_MageSolar190_5MR,600,45,45.2,5.6,72,0.003886,-0.17194,0.5871,343.2651,39.18539269634818,3.127254811129256,122.54270783564405
panel_MageSolar190_5MR,600,50,45.2,5.6,72,0.003886,-0.17194,0.5871,343.2651,39.841120560280146,3.1357159186297747,124.93043595691846
panel_MageSolar190_5MR,600,55,45.2,5.6,72,0.003886,-0.17194,0.5871,343.2651,40.47423711855929,3.1459669304810896,127.33061151143774
panel_MageSolar190_5MR,700,10,45.2,5.6,72,0.003886,-0.17194,0.5871,343.2651,34.70835417708855,3.5832565817024156,124.36893854511108
panel_MageSolar190_5MR,700,15,45.2,5.6,72,0.003886,-0.17194,0.5871,343.2651,35.36408204102052,3.5936888697727705,127.08750802054655
panel_MageSolar190_5MR,700,20,45.2,5.6,72,0.003886,-0.17194,0.5871,343.2651,35.99719859929966,3.606421846052841,129.821083425217
panel_MageSolar190_5MR,700,25,45.2,5.6,72,0.003886,-0.17194,0.5871,343.2651,36.65292646323162,3.6168959066181503,132.56981969043852
panel_MageSolar190_5MR,700,30,45.2,5.6,72,0.003886,-0.17194,0.5871,343.2651,37.28604302151076,3.6296019403320106,135.33349409817828
panel_MageSolar190_5MR,700,35,45.2,5.6,72,0.003886,-0.17194,0.5871,343.2651,37.94177088544273,3.6401150557480673,138.11241144184376
panel_MageSolar190_5MR,700,40,45.2,5.6,72,0.003886,-0.17194,0.5871,343.2651,38.597498749374694,3.650656968655838,140.9062277820897
panel_MageSolar190_5MR,700,45,45.2,5.6,72,0.003886,-0.17194,0.5871,343.2651,39.230615307653835,3.663345249807926,143.7152882343358
panel_MageSolar190_5MR,700,50,45.2,5.6,72,0.003886,-0.17194,0.5871,343.2651,39.8863431715858,3.67392202869794,146.53931482229473
panel_MageSolar190_5MR,700,55,45.2,5.6,72,0.003886,-0.17194,0.5871,343.2651,40.519459729864934,3.686585543356904,149.3784544647523
panel_MageSolar190_5MR,800,10,45.2,5.6,72,0.003886,-0.17194,0.5871,343.2651,34.68574287143572,4.1048960332249385,142.38136832241668
panel_MageSolar190_5MR,800,15,45.2,5.6,72,0.003886,-0.17194,0.5871,343.2651,35.341470735367686,4.1175178222997735,145.51913561916234
panel_MageSolar190_5MR,800,20,45.2,5.6,72,0.003886,-0.17194,0.5871,343.2651,35.97458729364683,4.132769688021385,148.67468390626289
panel_MageSolar190_5MR,800,25,45.2,5.6,72,0.003886,-0.17194,0.5871,343.2651,36.63031515757879,4.145415619899074,151.84788061605295
panel_MageSolar190_5MR,800,30,45.2,5.6,72,0.003886,-0.17194,0.5871,343.2651,37.28604302151076,4.158087686761008,155.0386363757851
panel_MageSolar190_5MR,800,35,45.2,5.6,72,0.003886,-0.17194,0.5871,343.2651,37.9191595797899,4.173274858175078,158.24707531746583
panel_MageSolar190_5MR,800,40,45.2,5.6,72,0.003886,-0.17194,0.5871,343.2651,38.57488744372186,4.185968626283418,161.47326860183387
panel_MageSolar190_5MR,800,45,45.2,5.6,72,0.003886,-0.17194,0.5871,343.2651,39.230615307653835,4.198686138214936,164.71704068588883
panel_MageSolar190_5MR,800,50,45.2,5.6,72,0.003886,-0.17194,0.5871,343.2651,39.8863431715858,4.211426481298507,167.97840187497633
panel_MageSolar190_5MR,800,55,45.2,5.6,72,0.003886,-0.17194,0.5871,343.2651,40.519459729864934,4.226550799359827,171.25755491088896
panel_MageSolar190_5MR,900,10,45.2,5.6,72,0.003886,-0.17194,0.5871,343.2651,34.617908954477244,4.6275986254068755,160.19778789219927
panel_MageSolar190_5MR,900,15,45.2,5.6,72,0.003886,-0.17194,0.5871,343.2651,35.27363681840921,4.642430439977212,163.75540529448384
panel_MageSolar190_5MR,900,20,45.2,5.6,72,0.003886,-0.17194,0.5871,343.2651,35.92936468234117,4.6572831833038135,167.33322592185752
panel_MageSolar190_5MR,900,25,45.2,5.6,72,0.003886,-0.17194,0.5871,343.2651,36.58509254627314,4.672155950162391,170.93125782731178
panel_MageSolar190_5MR,900,30,45.2,5.6,72,0.003886,-0.17194,0.5871,343.2651,37.24082041020511,4.687047886994012,174.54950861357534
panel_MageSolar190_5MR,900,35,45.2,5.6,72,0.003886,-0.17194,0.5871,343.2651,37.873936968484244,4.704769812722971,178.18815533829724
panel_MageSolar190_5MR,900,40,45.2,5.6,72,0.003886,-0.17194,0.5871,343.2651,38.529664832416216,4.719663105711513,181.84703758498517
panel_MageSolar190_5MR,900,45,45.2,5.6,72,0.003886,-0.17194,0.5871,343.2651,39.18539269634818,4.734574142811898,185.52614703606028
panel_MageSolar190_5MR,900,50,45.2,5.6,72,0.003886,-0.17194,0.5871,343.2651,39.841120560280146,4.749502212028124,189.22549023072972
panel_MageSolar190_5MR,900,55,45.2,5.6,72,0.003886,-0.17194,0.5871,343.2651,40.49684842421211,4.7644466390843165,192.94507336824438
panel_MageSolar190_5MR,1000,10,45.2,5.6,72,0.003886,-0.17194,0.5871,343.2651,34.550075037518766,5.146271396058643,177.80406289726258
panel_MageSolar190_5MR,1000,15,45.2,5.6,72,0.003886,-0.17194,0.5871,343.2651,35.1831915957979,5.166712790753489,181.78144603753967
panel_MageSolar190_5MR,1000,20,45.2,5.6,72,0.003886,-0.17194,0.5871,343.2651,35.83891945972987,5.18379867792644,185.78174331365986
panel_MageSolar190_5MR,1000,25,45.2,5.6,72,0.003886,-0.17194,0.5871,343.2651,36.49464732366184,5.200896517996206,189.8048841911324
panel_MageSolar190_5MR,1000,30,45.2,5.6,72,0.003886,-0.17194,0.5871,343.2651,37.1503751875938,5.2180057866045715,193.85087270339534
panel_MageSolar190_5MR,1000,35,45.2,5.6,72,0.003886,-0.17194,0.5871,343.2651,37.80610305152577,5.2351259897086635,197.91971265464656
panel_MageSolar190_5MR,1000,40,45.2,5.6,72,0.003886,-0.17194,0.5871,343.2651,38.46183091545773,5.252256661415306,202.01140763594202
panel_MageSolar190_5MR,1000,45,45.2,5.6,72,0.003886,-0.17194,0.5871,343.2651,39.1175587793897,5.269397361998916,206.1259610399536
panel_MageSolar190_5MR,1000,50,45.2,5.6,72,0.003886,-0.17194,0.5871,343.2651,39.77328664332167,5.286547676084994,210.2633760745145
panel_MageSolar190_5MR,1000,55,45.2,5.6,72,0.003886,-0.17194,0.5871,343.2651,40.42901450725363,5.303707210983232,214.42365577506678
panel_MageSolarPowertecPlus190_5MH,100,10,45.2,5.53,72,0.002765,-0.14916,0.64339,357.2628,32.94467233616809,0.4428804508006594,14.590551335722136
panel_MageSolarPowertecPlus190_5MH,100,15,45.2,5.53,72,0.002765,-0.14916,0.64339,357.2628,33.509954977488746,0.4429074817970674,14.841809774212646
panel_MageSolarPowertecPlus190_5MH,100,20,45.2,5.53,72,0.002765,-0.14916,0.64339,357.2628,34.097848924462234,0.4426314691834068,15.092780965428565
panel_MageSolarPowertecPlus190_5MH,100,25,45.2,5.53,72,0.002765,-0.14916,0.64339,357.2628,34.6631315657829,0.44264499320655,15.34346163645372
panel_MageSolarPowertecPlus190_5MH,100,30,45.2,5.53,72,0.002765,-0.14916,0.64339,357.2628,35.251025512756385,0.44236630880028505,15.593866037502718
panel_MageSolarPowertecPlus190_5MH,100,35,45.2,5.53,72,0.002765,-0.14916,0.64339,357.2628,35.81630815407704,0.4423676654922532,15.843976624670214
panel_MageSolarPowertecPlus190_5MH,100,40,45.2,5.53,72,0.002765,-0.14916,0.64339,357.2628,36.40420210105053,0.4420867337493581,16.093814801604946
panel_MageSolarPowertecPlus190_5MH,100,45,45.2,5.53,72,0.002765,-0.14916,0.64339,357.2628,36.96948474237119,0.442077084995119,16.343362048678983
panel_MageSolarPowertecPlus190_5MH,100,50,45.2,5.53,72,0.002765,-0.14916,0.64339,357.2628,37.557378689344674,0.44179426203106237,16.59263440188018
panel_MageSolarPowertecPlus190_5MH,100,55,45.2,5.53,72,0.002765,-0.14916,0.64339,357.2628,38.12266133066534,0.44177462087563507,16.841624256124913
panel_MageSolarPowertecPlus190_5MH,200,10,45.2,5.53,72,0.002765,-0.14916,0.64339,357.2628,34.097848924462234,0.9672598634709599,32.981480695328756
panel_MageSolarPowertecPlus190_5MH,200,15,45.2,5.53,72,0.002765,-0.14916,0.64339,357.2628,34.70835417708855,0.968362200800173,33.610258237077346
panel_MageSolarPowertecPlus190_5MH,200,20,45.2,5.53,72,0.002765,-0.14916,0.64339,357.2628,35.31885942971486,0.9694628750595764,34.2403230065564
panel_MageSolarPowertecPlus190_5MH,200,25,45.2,5.53,72,0.002765,-0.14916,0.64339,357.2628,35.92936468234117,0.9705619710124389,34.87167500331776
panel_MageSolarPowertecPlus190_5MH,200,30,45.2,5.53,72,0.002765,-0.14916,0.64339,357.2628,36.53986993496749,0.9716595677619766,35.50431422708936
panel_MageSolarPowertecPlus190_5MH,200,35,45.2,5.53,72,0.002765,-0.14916,0.64339,357.2628,37.1503751875938,0.9727557392157186,36.138240677749096
panel_MageSolarPowertecPlus190_5MH,200,40,45.2,5.53,72,0.002765,-0.14916,0.64339,357.2628,37.76088044022011,0.9738505545049214,36.7734543553024
panel_MageSolarPowertecPlus190_5MH,200,45,45.2,5.53,72,0.002765,-0.14916,0.64339,357.2628,38.37138569284643,0.9749440783640284,37.409955259862826
panel_MageSolarPowertecPlus190_5MH,200,50,45.2,5.53,72,0.002765,-0.14916,0.64339,357.2628,38.98189094547274,0.9760363714745398,38.047743391635436
panel_MageSolarPowertecPlus190_5MH,200,55,45.2,5.53,72,0.002765,-0.14916,0.64339,357.2628,39.59239619809905,0.9771274907771242,38.68681875090228
panel_MageSolarPowertecPlus190_5MH,300,10,45.2,5.53,72,0.002765,-0.14916,0.64339,357.2628,34.57268634317159,1.4922955993151696,51.59266768641863
panel_MageSolarPowertecPlus190_5MH,300,15,45.2,5.53,72,0.002765,-0.14916,0.64339,357.2628,35.1831915957979,1.4953415529344594,52.61088835805105
panel_MageSolarPowertecPlus190_5MH,300,20,45.2,5.53,72,0.002765,-0.14916,0.64339,357.2628,35.81630815407704,1.4974221417792946,53.632132866705255
panel_MageSolarPowertecPlus190_5MH,300,25,45.2,5.53,72,0.002765,-0.14916,0.64339,357.2628,36.44942471235618,1.499511122245875,54.65631775564175
panel_MageSolarPowertecPlus190_5MH,300,30,45.2,5.53,72,0.002765,-0.14916,0.64339,357.2628,37.059929964982494,1.5025267296168108,55.6835353701132
panel_MageSolarPowertecPlus190_5MH,300,35,45.2,5.53,72,0.002765,-0.14916,0.64339,357.2628,37.693046523261636,1.5046210431055935,56.71375097765759
panel_MageSolarPowertecPlus190_5MH,300,40,45.2,5.53,72,0.002765,-0.14916,0.64339,357.2628,38.32616308154078,1.5067229746248731,57.74691044417711
panel_MageSolarPowertecPlus190_5MH,300,45,45.2,5.53,72,0.002765,-0.14916,0.64339,357.2628,38.93666833416709,1.5097111036309845,58.783120522489
panel_MageSolarPowertecPlus190_5MH,300,50,45.2,5.53,72,0.002765,-0.14916,0.64339,357.2628,39.56978489244623,1.5118179038277386,59.82230925101258
panel_MageSolarPowertecPlus190_5MH,300,55,45.2,5.53,72,0.002765,-0.14916,0.64339,357.2628,40.20290145072537,1.513931650688244,60.86444495575346
panel_MageSolarPowertecPlus190_5MH,400,10,45.2,5.53,72,0.002765,-0.14916,0.64339,357.2628,34.77618809404703,2.018429868473661,70.19329676068263
panel_MageSolarPowertecPlus190_5MH,400,15,45.2,5.53,72,0.002765,-0.14916,0.64339,357.2628,35.40930465232617,2.0222623131191653,71.60690233215435
panel_MageSolarPowertecPlus190_5MH,400,20,45.2,5.53,72,0.002765,-0.14916,0.64339,357.2628,36.042421210605305,2.026092016567054,73.02526187255447
panel_MageSolarPowertecPlus190_5MH,400,25,45.2,5.53,72,0.002765,-0.14916,0.64339,357.2628,36.675537768884446,2.0299191149753186,74.44837516905778
panel_MageSolarPowertecPlus190_5MH,400,30,45.2,5.53,72,0.002765,-0.14916,0.64339,357.2628,37.30865432716359,2.0337437356394643,75.87624202300714
panel_MageSolarPowertecPlus190_5MH,400,35,45.2,5.53,72,0.002765,-0.14916,0.64339,357.2628,37.94177088544273,2.0375659977014093,77.3088622487554
panel_MageSolarPowertecPlus190_5MH,400,40,45.2,5.53,72,0.002765,-0.14916,0.64339,357.2628,38.57488744372186,2.0413860127914707,78.74623567261914
panel_MageSolarPowertecPlus190_5MH,400,45,45.2,5.53,72,0.002765,-0.14916,0.64339,357.2628,39.230615307653835,2.0440253521333007,80.18837226863319
panel_MageSolarPowertecPlus190_5MH,400,50,45.2,5.53,72,0.002765,-0.14916,0.64339,357.2628,39.86373186593297,2.047858698026891,81.63529003746258
panel_MageSolarPowertecPlus190_5MH,400,55,45.2,5.53,72,0.002765,-0.14916,0.64339,357.2628,40.49684842421211,2.0516895519393312,83.08696079842676
panel_MageSolarPowertecPlus190_5MH,500,10,45.2,5.53,72,0.002765,-0.14916,0.64339,357.2628,34.86663331665834,2.5435781552027494,88.68600684971653
panel_MageSolarPowertecPlus190_5MH,500,15,45.2,5.53,72,0.002765,-0.14916,0.64339,357.2628,35.49974987493747,2.5492736315708537,90.49857628353881
panel_MageSolarPowertecPlus190_5MH,500,20,45.2,5.53,72,0.002765,-0.14916,0.64339,357.2628,36.155477738869436,2.5533527185392977,92.31768737462933
panel_MageSolarPowertecPlus190_5MH,500,25,45.2,5.53,72,0.002765,-0.14916,0.64339,357.2628,36.78859429714858,2.559038679706819,94.14343577844491
panel_MageSolarPowertecPlus190_5MH,500,30,45.2,5.53,72,0.002765,-0.14916,0.64339,357.2628,37.42171085542772,2.5647048854640926,95.97564465334014
panel_MageSolarPowertecPlus190_5MH,500,35,45.2,5.53,72,0.002765,-0.14916,0.64339,357.2628,38.077438719359684,2.5688294130646,97.81444455645601
panel_MageSolarPowertecPlus190_5MH,500,40,45.2,5.53,72,0.002765,-0.14916,0.64339,357.2628,38.710555277638825,2.5744871204980337,99.65982598960834
panel_MageSolarPowertecPlus190_5MH,500,45,45.2,5.53,72,0.002765,-0.14916,0.64339,357.2628,39.34367183591797,2.5801269272015555,101.5116671188334
panel_MageSolarPowertecPlus190_5MH,500,50,45.2,5.53,72,0.002765,-0.14916,0.64339,357.2628,39.99939969984993,2.5842929100572913,103.37016505086993
panel_MageSolarPowertecPlus190_5MH,500,55,45.2,5.53,72,0.002765,-0.14916,0.64339,357.2628,40.63251625812907,2.589925083187729,105.2351730499617
panel_MageSolarPowertecPlus190_5MH,600,10,45.2,5.53,72,0.002765,-0.14916,0.64339,357.2628,34.86663331665834,3.0693150044639816,107.01668079396319
panel_MageSolarPowertecPlus190_5MH,600,15,45.2,5.53,72,0.002765,-0.14916,0.64339,357.2628,35.5223611805903,3.0749826616541385,109.23064473133121
panel_MageSolarPowertecPlus190_5MH,600,20,45.2,5.53,72,0.002765,-0.14916,0.64339,357.2628,36.17808904452227,3.080671942714072,111.45282386047109
panel_MageSolarPowertecPlus190_5MH,600,25,45.2,5.53,72,0.002765,-0.14916,0.64339,357.2628,36.81120560280141,3.088287021711009,113.68356851666718
panel_MageSolarPowertecPlus190_5MH,600,30,45.2,5.53,72,0.002765,-0.14916,0.64339,357.2628,37.46693346673337,3.093996234103473,115.92255104947843
panel_MageSolarPowertecPlus190_5MH,600,35,45.2,5.53,72,0.002765,-0.14916,0.64339,357.2628,38.100050025012514,3.1015694401651923,118.16995082634388
panel_MageSolarPowertecPlus190_5MH,600,40,45.2,5.53,72,0.002765,-0.14916,0.64339,357.2628,38.75577788894448,3.1072976252198248,120.42573659786417
panel_MageSolarPowertecPlus190_5MH,600,45,45.2,5.53,72,0.002765,-0.14916,0.64339,357.2628,39.38889444722362,3.114831940559476,122.68978652753793
panel_MageSolarPowertecPlus190_5MH,600,50,45.2,5.53,72,0.002765,-0.14916,0.64339,357.2628,40.044622311155585,3.120578200565839,124.96237543408455
panel_MageSolarPowertecPlus190_5MH,600,55,45.2,5.53,72,0.002765,-0.14916,0.64339,357.2628,40.70035017508755,3.126341894374607,127.24320986809307
panel_MageSolarPowertecPlus190_5MH,700,10,45.2,5.53,72,0.002765,-0.14916,0.64339,357.2628,34.84402201100551,3.5917507173454117,125.15104105322834
panel_MageSolarPowertecPlus190_5MH,700,15,45.2,5.53,72,0.002765,-0.14916,0.64339,357.2628,35.47713856928465,3.6014135408707335,127.76784723476909
panel_MageSolarPowertecPlus190_5MH,700,20,45.2,5.53,72,0.002765,-0.14916,0.64339,357.2628,36.13286643321661,3.608760622626955,130.39486556683138
panel_MageSolarPowertecPlus190_5MH,700,25,45.2,5.53,72,0.002765,-0.14916,0.64339,357.2628,36.78859429714858,3.6161217081522734,133.0320344503259
panel_MageSolarPowertecPlus190_5MH,700,30,45.2,5.53,72,0.002765,-0.14916,0.64339,357.2628,37.44432216108054,3.6234961927894322,135.67935879225632
panel_MageSolarPowertecPlus190_5MH,700,35,45.2,5.53,72,0.002765,-0.14916,0.64339,357.2628,38.077438719359684,3.633042618772596,138.33695768113554
panel_MageSolarPowertecPlus190_5MH,700,40,45.2,5.53,72,0.002765,-0.14916,0.64339,357.2628,38.73316658329165,3.640415414064328,141.00481666533625
panel_MageSolarPowertecPlus190_5MH,700,45,45.2,5.53,72,0.002765,-0.14916,0.64339,357.2628,39.38889444722362,3.6478006658067654,143.68283538997474
panel_MageSolarPowertecPlus190_5MH,700,50,45.2,5.53,72,0.002765,-0.14916,0.64339,357.2628,40.044622311155585,3.655197868276847,146.37101810768738
panel_MageSolarPowertecPlus190_5MH,700,55,45.2,5.53,72,0.002765,-0.14916,0.64339,357.2628,40.70035017508755,3.662606542828357,149.06936884668093
panel_MageSolarPowertecPlus190_5MH,800,10,45.2,5.53,72,0.002765,-0.14916,0.64339,357.2628,34.7535767883942,4.116570568745562,143.06555136574246
panel_MageSolarPowertecPlus190_5MH,800,15,45.2,5.53,72,0.002765,-0.14916,0.64339,357.2628,35.40930465232617,4.125643459056726,146.08616612861636
panel_MageSolarPowertecPlus190_5MH,800,20,45.2,5.53,72,0.002765,-0.14916,0.64339,357.2628,36.065032516258135,4.134720550158045,149.11883108709063
panel_MageSolarPowertecPlus190_5MH,800,25,45.2,5.53,72,0.002765,-0.14916,0.64339,357.2628,36.7207603801901,4.143801648887569,152.16354741183707
panel_MageSolarPowertecPlus190_5MH,800,30,45.2,5.53,72,0.002765,-0.14916,0.64339,357.2628,37.376488244122065,4.152886573761423,155.2203162033662
panel_MageSolarPowertecPlus190_5MH,800,35,45.2,5.53,72,0.002765,-0.14916,0.64339,357.2628,38.03221610805403,4.161975154103385,158.2891384972114
panel_MageSolarPowertecPlus190_5MH,800,40,45.2,5.53,72,0.002765,-0.14916,0.64339,357.2628,38.687943971985995,4.171067229251267,161.37001526865987
panel_MageSolarPowertecPlus190_5MH,800,45,45.2,5.53,72,0.002765,-0.14916,0.64339,357.2628,39.34367183591797,4.180162647832289,164.4629474370755
panel_MageSolarPowertecPlus190_5MH,800,50,45.2,5.53,72,0.002765,-0.14916,0.64339,357.2628,39.99939969984993,4.189261267100547,167.56793586985458
panel_MageSolarPowertecPlus190_5MH,800,55,45.2,5.53,72,0.002765,-0.14916,0.64339,357.2628,40.63251625812907,4.200700800882816,170.68504358740685
panel_MageSolarPowertecPlus190_5MH,900,10,45.2,5.53,72,0.002765,-0.14916,0.64339,357.2628,34.6631315657829,4.637282616378785,160.74273743925576
panel_MageSolarPowertecPlus190_5MH,900,15,45.2,5.53,72,0.002765,-0.14916,0.64339,357.2628,35.31885942971486,4.648161876352078,164.16777591743872
panel_MageSolarPowertecPlus190_5MH,900,20,45.2,5.53,72,0.002765,-0.14916,0.64339,357.2628,35.97458729364683,4.659031715709574,167.60674316066323
panel_MageSolarPowertecPlus190_5MH,900,25,45.2,5.53,72,0.002765,-0.14916,0.64339,357.2628,36.63031515757879,4.669892582836585,171.05963706134375
panel_MageSolarPowertecPlus190_5MH,900,30,45.2,5.53,72,0.002765,-0.14916,0.64339,357.2628,37.28604302151076,4.680744898191967,174.52645564670266
panel_MageSolarPowertecPlus190_5MH,900,35,45.2,5.53,72,0.002765,-0.14916,0.64339,357.2628,37.94177088544273,4.691589056443217,178.00719706821897
panel_MageSolarPowertecPlus190_5MH,900,40,45.2,5.53,72,0.002765,-0.14916,0.64339,357.2628,38.597498749374694,4.702425428408316,181.50185959201772
panel_MageSolarPowertecPlus190_5MH,900,45,45.2,5.53,72,0.002765,-0.14916,0.64339,357.2628,39.25322661330666,4.713254362825632,185.0104415901508
panel_MageSolarPowertecPlus190_5MH,900,50,45.2,5.53,72,0.002765,-0.14916,0.64339,357.2628,39.90895447723862,4.7240761879688575,188.5329415326561
panel_MageSolarPowertecPlus190_5MH,900,55,45.2,5.53,72,0.002765,-0.14916,0.64339,357.2628,40.56468234117059,4.7348912131226,192.0693579803181
panel_MageSolarPowertecPlus190_5MH,1000,10,45.2,5.53,72,0.002765,-0.14916,0.64339,357.2628,34.527463731865936,5.160243926396395,178.170135016233
panel_MageSolarPowertecPlus190_5MH,1000,15,45.2,5.53,72,0.002765,-0.14916,0.64339,357.2628,35.1831915957979,5.172919942643467,181.99983345174897
panel_MageSolarPowertecPlus190_5MH,1000,20,45.2,5.53,72,0.002765,-0.14916,0.64339,357.2628,35.83891945972987,5.185572445190107,185.84531321576273
panel_MageSolarPowertecPlus190_5MH,1000,25,45.2,5.53,72,0.002765,-0.14916,0.64339,357.2628,36.49464732366184,5.198202576988676,189.70656976415185
panel_MageSolarPowertecPlus190_5MH,1000,30,45.2,5.53,72,0.002765,-0.14916,0.64339,357.2628,37.172986493246626,5.207643348719926,193.58365586361143
panel_MageSolarPowertecPlus190_5MH,1000,35,45.2,5.53,72,0.002765,-0.14916,0.64339,357.2628,37.8287143571786,5.220284430979452,197.4766486027483
panel_MageSolarPowertecPlus190_5MH,1000,40,45.2,5.53,72,0.002765,-0.14916,0.64339,357.2628,38.48444222111056,5.2329044435789855,201.3854087075082
panel_MageSolarPowertecPlus190_5MH,1000,45,45.2,5.53,72,0.002765,-0.14916,0.64339,357.2628,39.14017008504253,5.245504353005217,205.30993255845513
panel_MageSolarPowertecPlus190_5MH,1000,50,45.2,5.53,72,0.002765,-0.14916,0.64339,357.2628,39.79589794897449,5.2580850679583815,209.25021677149834
panel_MageSolarPowertecPlus190_5MH,1000,55,45.2,5.53,72,0.002765,-0.14916,0.64339,357.2628,40.45162581290646,5.27064744357686,213.20625817932313
panel_MageSolarPowertecPlus200_5MH,100,10,45.5,5.79,72,0.002895,-0.15015,0.4921,218.4113,32.70810405202601,0.41146406650653944,13.458209500965642
panel_MageSolarPowertecPlus200_5MH,100,15,45.5,5.79,72,0.002895,-0.15015,0.4921,218.4113,33.27713856928464,0.41040820907520326,13.65721084336748
panel_MageSolarPowertecPlus200_5MH,100,20,45.5,5.79,72,0.002895,-0.15015,0.4921,218.4113,33.823411705852926,0.4096242313416004,13.854889021360496
panel_MageSolarPowertecPlus200_5MH,100,25,45.5,5.79,72,0.002895,-0.15015,0.4921,218.4113,34.392446223111556,0.40855651469896637,14.051257960886087
panel_MageSolarPowertecPlus200_5MH,100,30,45.5,5.79,72,0.002895,-0.15015,0.4921,218.4113,34.93871935967984,0.4077515060070837,14.246315436868304
panel_MageSolarPowertecPlus200_5MH,100,35,45.5,5.79,72,0.002895,-0.15015,0.4921,218.4113,35.507753876938466,0.40667357137840615,14.440065080760013
panel_MageSolarPowertecPlus200_5MH,100,40,45.5,5.79,72,0.002895,-0.15015,0.4921,218.4113,36.054027013506754,0.40585002993211916,14.632527942605149
panel_MageSolarPowertecPlus200_5MH,100,45,45.5,5.79,72,0.002895,-0.15015,0.4921,218.4113,36.600300150075036,0.4050155637648327,14.823691199244733
panel_MageSolarPowertecPlus200_5MH,100,50,45.5,5.79,72,0.002895,-0.15015,0.4921,218.4113,37.14657328664332,0.40417091036124986,15.013564342063514
panel_MageSolarPowertecPlus200_5MH,100,55,45.5,5.79,72,0.002895,-0.15015,0.4921,218.4113,37.715607803901946,0.4030735656125087,15.202164516761716
panel_MageSolarPowertecPlus200_5MH,200,10,45.5,5.79,72,0.002895,-0.15015,0.4921,218.4113,34.27863931965983,0.9525333907155962,32.651548540272536
panel_MageSolarPowertecPlus200_5MH,200,15,45.5,5.79,72,0.002895,-0.15015,0.4921,218.4113,34.89319659829915,0.9525914222952346,33.23895977600103
panel_MageSolarPowertecPlus200_5MH,200,20,45.5,5.79,72,0.002895,-0.15015,0.4921,218.4113,35.507753876938466,0.9526502182468909,33.82646948032232
panel_MageSolarPowertecPlus200_5MH,200,25,45.5,5.79,72,0.002895,-0.15015,0.4921,218.4113,36.09954977488744,0.9533113435906083,34.41411029891399
panel_MageSolarPowertecPlus200_5MH,200,30,45.5,5.79,72,0.002895,-0.15015,0.4921,218.4113,36.71410705352676,0.953363737624814,35.00189832410782
panel_MageSolarPowertecPlus200_5MH,200,35,45.5,5.79,72,0.002895,-0.15015,0.4921,218.4113,37.32866433216608,0.9534170326700677,35.589784381110775
panel_MageSolarPowertecPlus200_5MH,200,40,45.5,5.79,72,0.002895,-0.15015,0.4921,218.4113,37.920460230115054,0.9540445065144402,36.17780676704057
panel_MageSolarPowertecPlus200_5MH,200,45,45.5,5.79,72,0.002895,-0.15015,0.4921,218.4113,38.53501750875437,0.9540925198783928,36.765971958485444
panel_MageSolarPowertecPlus200_5MH,200,50,45.5,5.79,72,0.002895,-0.15015,0.4921,218.4113,39.149574787393696,0.9541415195319285,37.3542347766727
panel_MageSolarPowertecPlus200_5MH,200,55,45.5,5.79,72,0.002895,-0.15015,0.4921,218.4113,39.741370685342666,0.9547394983448184,37.942656311659526
panel_MageSolarPowertecPlus200_5MH,300,10,45.5,5.79,72,0.002895,-0.15015,0.4921,218.4113,34.89319659829915,1.497344841099335,52.247147915928096
panel_MageSolarPowertecPlus200_5MH,300,15,45.5,5.79,72,0.002895,-0.15015,0.4921,218.4113,35.507753876938466,1.4993921831113242,53.24004860292235
panel_MageSolarPowertecPlus200_5MH,300,20,45.5,5.79,72,0.002895,-0.15015,0.4921,218.4113,36.14507253626813,1.500477740693202,54.23487677641151
panel_MageSolarPowertecPlus200_5MH,300,25,45.5,5.79,72,0.002895,-0.15015,0.4921,218.4113,36.75962981490745,1.502503535909114,55.23147377560853
panel_MageSolarPowertecPlus200_5MH,300,30,45.5,5.79,72,0.002895,-0.15015,0.4921,218.4113,37.396948474237114,1.5035981094420268,56.22998102476381
panel_MageSolarPowertecPlus200_5MH,300,35,45.5,5.79,72,0.002895,-0.15015,0.4921,218.4113,38.01150575287644,1.5056040195352465,57.23027585011791
panel_MageSolarPowertecPlus200_5MH,300,40,45.5,5.79,72,0.002895,-0.15015,0.4921,218.4113,38.6488244122061,1.5067071693672278,58.23246082948607
panel_MageSolarPowertecPlus200_5MH,300,45,45.5,5.79,72,0.002895,-0.15015,0.4921,218.4113,39.26338169084542,1.5086946744588439,59.23645485822336
panel_MageSolarPowertecPlus200_5MH,300,50,45.5,5.79,72,0.002895,-0.15015,0.4921,218.4113,39.900700350175086,1.5098059887430941,60.24231634373802
panel_MageSolarPowertecPlus200_5MH,300,55,45.5,5.79,72,0.002895,-0.15015,0.4921,218.4113,40.5152576288144,1.511776412561687,61.25001083210156
panel_MageSolarPowertecPlus200_5MH,400,10,45.5,5.79,72,0.002895,-0.15015,0.4921,218.4113,35.21185592796398,2.043107125961654,71.94159376475832
panel_MageSolarPowertecPlus200_5MH,400,15,45.5,5.79,72,0.002895,-0.15015,0.4921,218.4113,35.849174587293646,2.046015645163896,73.34797207181475
panel_MageSolarPowertecPlus200_5MH,400,20,45.5,5.79,72,0.002895,-0.15015,0.4921,218.4113,36.48649324662331,2.0489227186289134,74.75800493610693
panel_MageSolarPowertecPlus200_5MH,400,25,45.5,5.79,72,0.002895,-0.15015,0.4921,218.4113,37.12381190595298,2.0518284181187934,76.17169225753112
panel_MageSolarPowertecPlus200_5MH,400,30,45.5,5.79,72,0.002895,-0.15015,0.4921,218.4113,37.76113056528264,2.0547328107251723,77.58903394256342
panel_MageSolarPowertecPlus200_5MH,400,35,45.5,5.79,72,0.002895,-0.15015,0.4921,218.4113,38.39844922461231,2.0576359592429836,79.01002990372814
panel_MageSolarPowertecPlus200_5MH,400,40,45.5,5.79,72,0.002895,-0.15015,0.4921,218.4113,39.03576788394197,2.0605379225088862,80.4346800591169
panel_MageSolarPowertecPlus200_5MH,400,45,45.5,5.79,72,0.002895,-0.15015,0.4921,218.4113,39.67308654327163,2.0634387557082183,81.86298433195287
panel_MageSolarPowertecPlus200_5MH,400,50,45.5,5.79,72,0.002895,-0.15015,0.4921,218.4113,40.310405202601295,2.0663385106538223,83.29494265019525
panel_MageSolarPowertecPlus200_5MH,400,55,45.5,5.79,72,0.002895,-0.15015,0.4921,218.4113,40.92496248124062,2.0703885104972173,84.73057211369027
panel_MageSolarPowertecPlus200_5MH,500,10,45.5,5.79,72,0.002895,-0.15015,0.4921,218.4113,35.371185592796394,2.590175134041209,91.61756538401788
panel_MageSolarPowertecPlus200_5MH,500,15,45.5,5.79,72,0.002895,-0.15015,0.4921,218.4113,36.03126563281641,2.5933644716394055,93.442204160348
panel_MageSolarPowertecPlus200_5MH,500,20,45.5,5.79,72,0.002895,-0.15015,0.4921,218.4113,36.66858429214607,2.598201904088329,95.27238552807732
panel_MageSolarPowertecPlus200_5MH,500,25,45.5,5.79,72,0.002895,-0.15015,0.4921,218.4113,37.30590295147574,2.603020118107422,97.10801590685439
panel_MageSolarPowertecPlus200_5MH,500,30,45.5,5.79,72,0.002895,-0.15015,0.4921,218.4113,37.96598299149574,2.6062581832975016,98.94915385851954
panel_MageSolarPowertecPlus200_5MH,500,35,45.5,5.79,72,0.002895,-0.15015,0.4921,218.4113,38.60330165082541,2.611069444747664,100.79590140684728
panel_MageSolarPowertecPlus200_5MH,500,40,45.5,5.79,72,0.002895,-0.15015,0.4921,218.4113,39.24062031015507,2.615863286789249,102.6480980201712
panel_MageSolarPowertecPlus200_5MH,500,45,45.5,5.79,72,0.002895,-0.15015,0.4921,218.4113,39.87793896948474,2.6206405951219667,104.50574571322795
panel_MageSolarPowertecPlus200_5MH,500,50,45.5,5.79,72,0.002895,-0.15015,0.4921,218.4113,40.53801900950475,2.6239331832998416,106.36905326427929
panel_MageSolarPowertecPlus200_5MH,500,55,45.5,5.79,72,0.002895,-0.15015,0.4921,218.4113,41.175337668834416,2.628704882089323,108.23781115174143
panel_MageSolarPowertecPlus200_5MH,600,10,45.5,5.79,72,0.002895,-0.15015,0.4921,218.4113,35.46223111555778,3.136070868989712,111.21206995088129
panel_MageSolarPowertecPlus200_5MH,600,15,45.5,5.79,72,0.002895,-0.15015,0.4921,218.4113,36.12231115557778,3.1409447232063243,113.45818261412899
panel_MageSolarPowertecPlus200_5MH,600,20,45.5,5.79,72,0.002895,-0.15015,0.4921,218.4113,36.75962981490745,3.1477916031696367,115.7116540669899
panel_MageSolarPowertecPlus200_5MH,600,25,45.5,5.79,72,0.002895,-0.15015,0.4921,218.4113,37.41970985492746,3.1526869317112283,117.97263024805567
panel_MageSolarPowertecPlus200_5MH,600,30,45.5,5.79,72,0.002895,-0.15015,0.4921,218.4113,38.05702851425713,3.159491673103162,120.240864693845
panel_MageSolarPowertecPlus200_5MH,600,35,45.5,5.79,72,0.002895,-0.15015,0.4921,218.4113,38.71710855427714,3.1644073729925672,122.51670377010818
panel_MageSolarPowertecPlus200_5MH,600,40,45.5,5.79,72,0.002895,-0.15015,0.4921,218.4113,39.377188594297145,3.1693423303789205,124.79979066321997
panel_MageSolarPowertecPlus200_5MH,600,45,45.5,5.79,72,0.002895,-0.15015,0.4921,218.4113,40.01450725362681,3.1761080808693407,127.09039984024896
panel_MageSolarPowertecPlus200_5MH,600,50,45.5,5.79,72,0.002895,-0.15015,0.4921,218.4113,40.67458729364682,3.1810612933308517,129.3883552620268
panel_MageSolarPowertecPlus200_5MH,600,55,45.5,5.79,72,0.002895,-0.15015,0.4921,218.4113,41.31190595297649,3.18779084376792,131.69371553549988
panel_MageSolarPowertecPlus200_5MH,700,10,45.5,5.79,72,0.002895,-0.15015,0.4921,218.4113,35.507753876938466,3.680479506397774,130.68556046228812
panel_MageSolarPowertecPlus200_5MH,700,15,45.5,5.79,72,0.002895,-0.15015,0.4921,218.4113,36.14507253626813,3.6894483134641454,133.35537690897365
panel_MageSolarPowertecPlus200_5MH,700,20,45.5,5.79,72,0.002895,-0.15015,0.4921,218.4113,36.805152576288144,3.696076029105339,136.03464218478322
panel_MageSolarPowertecPlus200_5MH,700,25,45.5,5.79,72,0.002895,-0.15015,0.4921,218.4113,37.46523261630815,3.702717559893975,138.7231746939167
panel_MageSolarPowertecPlus200_5MH,700,30,45.5,5.79,72,0.002895,-0.15015,0.4921,218.4113,38.12531265632816,3.709372300260033,141.42097870613694
panel_MageSolarPowertecPlus200_5MH,700,35,45.5,5.79,72,0.002895,-0.15015,0.4921,218.4113,38.76263131565783,3.718221919017768,144.12806539668347
panel_MageSolarPowertecPlus200_5MH,700,40,45.5,5.79,72,0.002895,-0.15015,0.4921,218.4113,39.42271135567783,3.7248743698984277,146.84464712066807
panel_MageSolarPowertecPlus200_5MH,700,45,45.5,5.79,72,0.002895,-0.15015,0.4921,218.4113,40.082791395697846,3.7315391028808658,149.57050344566323
panel_MageSolarPowertecPlus200_5MH,700,50,45.5,5.79,72,0.002895,-0.15015,0.4921,218.4113,40.74287143571786,3.738215612218843,152.30563808762565
panel_MageSolarPowertecPlus200_5MH,700,55,45.5,5.79,72,0.002895,-0.15015,0.4921,218.4113,41.402951475737865,3.744903419591293,155.05005456266312
panel_MageSolarPowertecPlus200_5MH,800,10,45.5,5.79,72,0.002895,-0.15015,0.4921,218.4113,35.48499249624812,4.227453760918955,150.011164984445
panel_MageSolarPowertecPlus200_5MH,800,15,45.5,5.79,72,0.002895,-0.15015,0.4921,218.4113,36.14507253626813,4.2358871913302965,153.10644978608264
panel_MageSolarPowertecPlus200_5MH,800,20,45.5,5.79,72,0.002895,-0.15015,0.4921,218.4113,36.805152576288144,4.244323965267909,156.21299112488168
panel_MageSolarPowertecPlus200_5MH,800,25,45.5,5.79,72,0.002895,-0.15015,0.4921,218.4113,37.46523261630815,4.252763925628594,159.3307897359191
panel_MageSolarPowertecPlus200_5MH,800,30,45.5,5.79,72,0.002895,-0.15015,0.4921,218.4113,38.12531265632816,4.261206925006708,162.45984630919148
panel_MageSolarPowertecPlus200_5MH,800,35,45.5,5.79,72,0.002895,-0.15015,0.4921,218.4113,38.78539269634817,4.269652824956781,165.60016149302106
panel_MageSolarPowertecPlus200_5MH,800,40,45.5,5.79,72,0.002895,-0.15015,0.4921,218.4113,39.44547273636818,4.2781014953224785,168.75173589715877
panel_MageSolarPowertecPlus200_5MH,800,45,45.5,5.79,72,0.002895,-0.15015,0.4921,218.4113,40.105552776388194,4.286552813624822,171.9145700956056
panel_MageSolarPowertecPlus200_5MH,800,50,45.5,5.79,72,0.002895,-0.15015,0.4921,218.4113,40.7656328164082,4.295006664504258,175.0886646292067
panel_MageSolarPowertecPlus200_5MH,800,55,45.5,5.79,72,0.002895,-0.15015,0.4921,218.4113,41.42571285642821,4.303462939210273,178.27402000800535
panel_MageSolarPowertecPlus200_5MH,900,10,45.5,5.79,72,0.002895,-0.15015,0.4921,218.4113,35.46223111555778,4.770411763463695,169.1694444723251
panel_MageSolarPowertecPlus200_5MH,900,15,45.5,5.79,72,0.002895,-0.15015,0.4921,218.4113,36.12231115557778,4.780737555985048,172.69128955044835
panel_MageSolarPowertecPlus200_5MH,900,20,45.5,5.79,72,0.002895,-0.15015,0.4921,218.4113,36.782391195597796,4.791051937874003,176.22634661730848
panel_MageSolarPowertecPlus200_5MH,900,25,45.5,5.79,72,0.002895,-0.15015,0.4921,218.4113,37.44247123561781,4.80135546759262,179.77461398731296
panel_MageSolarPowertecPlus200_5MH,900,30,45.5,5.79,72,0.002895,-0.15015,0.4921,218.4113,38.102551275637815,4.811648667846765,183.33609008698576
panel_MageSolarPowertecPlus200_5MH,900,35,45.5,5.79,72,0.002895,-0.15015,0.4921,218.4113,38.76263131565783,4.821932028394989,186.91077344583707
panel_MageSolarPowertecPlus200_5MH,900,40,45.5,5.79,72,0.002895,-0.15015,0.4921,218.4113,39.42271135567783,4.832206008597413,190.49866268810788
panel_MageSolarPowertecPlus200_5MH,900,45,45.5,5.79,72,0.002895,-0.15015,0.4921,218.4113,40.082791395697846,4.842471039732171,194.09975652529266
panel_MageSolarPowertecPlus200_5MH,900,50,45.5,5.79,72,0.002895,-0.15015,0.4921,218.4113,40.74287143571786,4.852727527103749,197.7140537493571
panel_MageSolarPowertecPlus200_5MH,900,55,45.5,5.79,72,0.002895,-0.15015,0.4921,218.4113,41.402951475737865,4.862975851964625,201.34155322657637
panel_MageSolarPowertecPlus200_5MH,1000,10,45.5,5.79,72,0.002895,-0.15015,0.4921,218.4113,35.39394697348674,5.315756123261376,188.1455903507006
panel_MageSolarPowertecPlus200_5MH,1000,15,45.5,5.79,72,0.002895,-0.15015,0.4921,218.4113,36.054027013506754,5.327969231718467,192.09474660751044
panel_MageSolarPowertecPlus200_5MH,1000,20,45.5,5.79,72,0.002895,-0.15015,0.4921,218.4113,36.73686843421711,5.336848040055354,196.059084300923
panel_MageSolarPowertecPlus200_5MH,1000,25,45.5,5.79,72,0.002895,-0.15015,0.4921,218.4113,37.396948474237114,5.349066893261106,200.03877899253317
panel_MageSolarPowertecPlus200_5MH,1000,30,45.5,5.79,72,0.002895,-0.15015,0.4921,218.4113,38.05702851425713,5.361259331860815,204.03359926495415
panel_MageSolarPowertecPlus200_5MH,1000,35,45.5,5.79,72,0.002895,-0.15015,0.4921,218.4113,38.71710855427714,5.373426646162573,208.04354276792165
panel_MageSolarPowertecPlus200_5MH,1000,40,45.5,5.79,72,0.002895,-0.15015,0.4921,218.4113,39.377188594297145,5.385570044371724,212.0686073250226
panel_MageSolarPowertecPlus200_5MH,1000,45,45.5,5.79,72,0.002895,-0.15015,0.4921,218.4113,40.0600300150075,5.394625320465349,216.10885225756132
panel_MageSolarPowertecPlus200_5MH,1000,50,45.5,5.79,72,0.002895,-0.15015,0.4921,218.4113,40.72011005502751,5.406774229165177,220.16444165429255
panel_MageSolarPowertecPlus200_5MH,1000,55,45.5,5.79,72,0.002895,-0.15015,0.4921,218.4113,41.380190095047524,5.418900784946484,224.23514458728775
